{"cameraMode":{"drawMode":0,"name":"Shaded","section":"Shading Mode"},"sceneLighting":true,"audioPlay":false,"sceneViewState":{"showFog":true,"showMaterialUpdate":false,"showSkybox":true,"showFlares":true,"showImageEffects":true,"showParticleSystems":true},"in2DMode":false,"pivot":{"x":539.753173828125,"y":0.8600090146064758,"z":72.32125091552735},"rotation":{"x":0.4644761383533478,"y":-0.05070522055029869,"z":0.026654299348592759,"w":0.8837474584579468},"size":18.244356155395509,"orthographic":false}